email,subject,message

gsakshay20002000@gmail.com,Internship Opportunity,"Hello, Can we please connect?"


gsakshay20002000@gmail.com,jkshf;k,dslhf;sdhfs;
gsakshay20002000@gmail.com,asdhahda,ihsafdsehkf;a
gsakshay20002000@gmail.com,jfb;,selfhj;sjfs
gsakshay20002000@gmail.com,uhsa,jksfakjsbfkas
gsakshay20002000@gmail.com,uhsa,jksfakjsbfkas
gsakshay20002000@gmail.com,uhsa,jksfakjsbfkas
gsakshay20002000@gmail.com,uhsa,jksfakjsbfkas
gsakshay20002000@gmail.com,uhsa,jksfakjsbfkas
gsakshay20002000@gmail.com,uhsa,jksfakjsbfkas
gsakshay20002000@gmail.com,uhsa,jksfakjsbfkas
akshay@gmail.com,akshay@gmail.com,akshay@gmail.com
akshay@gmail.com,akshay@gmail.com,akshay@gmail.com
akshay@gmail.com,akshay@gmail.com,akshay@gmail.com
akshay@gmail.com,akshay@gmail.com,New website
